[{"expressID":32,"type":3124254112,"GlobalId":{"type":1,"value":"3KZtacrEz6hBYjzpBD7Nsn"},"OwnerHistory":{"type":5,"value":18},"Name":{"type":1,"value":"CIMENTACIONES"},"Description":null,"ObjectType":null,"ObjectPlacement":{"type":5,"value":16},"Representation":null,"LongName":null,"CompositionType":{"type":3,"value":"COMPLEX"},"Elevation":{"type":4,"value":-11.390000343322754},"SceneHeight":7.489999860525131},{"expressID":280961,"type":3124254112,"GlobalId":{"type":1,"value":"0ePwoBtbT0QvQnvfM3idVT"},"OwnerHistory":{"type":5,"value":18},"Name":{"type":1,"value":"097"},"Description":null,"ObjectType":null,"ObjectPlacement":{"type":5,"value":16},"Representation":null,"LongName":null,"CompositionType":{"type":3,"value":"COMPLEX"},"Elevation":{"type":4,"value":-9.239999771118164},"SceneHeight":7.489999860525131},{"expressID":304760,"type":3124254112,"GlobalId":{"type":1,"value":"2OQeZtMiXDghqUzCsK1WFN"},"OwnerHistory":{"type":5,"value":18},"Name":{"type":1,"value":"098"},"Description":null,"ObjectType":null,"ObjectPlacement":{"type":5,"value":16},"Representation":null,"LongName":null,"CompositionType":{"type":3,"value":"COMPLEX"},"Elevation":{"type":4,"value":-7.239999771118164},"SceneHeight":7.489999860525131},{"expressID":342583,"type":3124254112,"GlobalId":{"type":1,"value":"2FE795XAzEY8AIeiHwPxFV"},"OwnerHistory":{"type":5,"value":18},"Name":{"type":1,"value":"099"},"Description":null,"ObjectType":null,"ObjectPlacement":{"type":5,"value":16},"Representation":null,"LongName":null,"CompositionType":{"type":3,"value":"COMPLEX"},"Elevation":{"type":4,"value":-4.360000133514404},"SceneHeight":7.489999860525131},{"expressID":369690,"type":3124254112,"GlobalId":{"type":1,"value":"2R1X_FeAH44OVb9XB6m8he"},"OwnerHistory":{"type":5,"value":18},"Name":{"type":1,"value":"100"},"Description":null,"ObjectType":null,"ObjectPlacement":{"type":5,"value":16},"Representation":null,"LongName":null,"CompositionType":{"type":3,"value":"COMPLEX"},"Elevation":{"type":4,"value":-1.2699999809265137},"SceneHeight":7.489999860525131},{"expressID":437412,"type":3124254112,"GlobalId":{"type":1,"value":"3pcb1GCnz7UguQyyS_a25D"},"OwnerHistory":{"type":5,"value":18},"Name":{"type":1,"value":"100E"},"Description":null,"ObjectType":null,"ObjectPlacement":{"type":5,"value":16},"Representation":null,"LongName":null,"CompositionType":{"type":3,"value":"COMPLEX"},"Elevation":{"type":4,"value":1.7599999904632568},"SceneHeight":7.489999860525131},{"expressID":465105,"type":3124254112,"GlobalId":{"type":1,"value":"30SWVetQf8lftG9PgdeMly"},"OwnerHistory":{"type":5,"value":18},"Name":{"type":1,"value":"101"},"Description":null,"ObjectType":null,"ObjectPlacement":{"type":5,"value":16},"Representation":null,"LongName":null,"CompositionType":{"type":3,"value":"COMPLEX"},"Elevation":{"type":4,"value":4.619999885559082},"SceneHeight":7.489999860525131},{"expressID":493734,"type":3124254112,"GlobalId":{"type":1,"value":"1Mt6OY$fPAk94cw$Rqsz6w"},"OwnerHistory":{"type":5,"value":18},"Name":{"type":1,"value":"102"},"Description":null,"ObjectType":null,"ObjectPlacement":{"type":5,"value":16},"Representation":null,"LongName":null,"CompositionType":{"type":3,"value":"COMPLEX"},"Elevation":{"type":4,"value":7.679999828338623},"SceneHeight":7.489999860525131},{"expressID":521348,"type":3124254112,"GlobalId":{"type":1,"value":"1DzbS_9cr9wP1A9O3nKR5I"},"OwnerHistory":{"type":5,"value":18},"Name":{"type":1,"value":"103"},"Description":null,"ObjectType":null,"ObjectPlacement":{"type":5,"value":16},"Representation":null,"LongName":null,"CompositionType":{"type":3,"value":"COMPLEX"},"Elevation":{"type":4,"value":10.739999771118164},"SceneHeight":7.489999860525131},{"expressID":542714,"type":3124254112,"GlobalId":{"type":1,"value":"3FomUm7i96PAG8nbyRGUG1"},"OwnerHistory":{"type":5,"value":18},"Name":{"type":1,"value":"104"},"Description":null,"ObjectType":null,"ObjectPlacement":{"type":5,"value":16},"Representation":null,"LongName":null,"CompositionType":{"type":3,"value":"COMPLEX"},"Elevation":{"type":4,"value":13.850000381469727},"SceneHeight":7.489999860525131},{"expressID":565923,"type":3124254112,"GlobalId":{"type":1,"value":"2aysCG8198P9gbH90_PnmM"},"OwnerHistory":{"type":5,"value":18},"Name":{"type":1,"value":"105"},"Description":null,"ObjectType":null,"ObjectPlacement":{"type":5,"value":16},"Representation":null,"LongName":null,"CompositionType":{"type":3,"value":"COMPLEX"},"Elevation":{"type":4,"value":16.90999984741211},"SceneHeight":7.489999860525131},{"expressID":582086,"type":3124254112,"GlobalId":{"type":1,"value":"1OCz14gB5Cie8m7ivVMbBb"},"OwnerHistory":{"type":5,"value":18},"Name":{"type":1,"value":"106"},"Description":null,"ObjectType":null,"ObjectPlacement":{"type":5,"value":16},"Representation":null,"LongName":null,"CompositionType":{"type":3,"value":"COMPLEX"},"Elevation":{"type":4,"value":20.280000686645508},"SceneHeight":7.489999860525131},{"expressID":595496,"type":3124254112,"GlobalId":{"type":1,"value":"0F00Eahu95D9sAZWUHziQz"},"OwnerHistory":{"type":5,"value":18},"Name":{"type":1,"value":"107"},"Description":null,"ObjectType":null,"ObjectPlacement":{"type":5,"value":16},"Representation":null,"LongName":null,"CompositionType":{"type":3,"value":"COMPLEX"},"Elevation":{"type":4,"value":23.520000457763672},"SceneHeight":7.489999860525131},{"expressID":608442,"type":3124254112,"GlobalId":{"type":1,"value":"0uTvY2fJrCcPIAiXnKtr67"},"OwnerHistory":{"type":5,"value":18},"Name":{"type":1,"value":"108"},"Description":null,"ObjectType":null,"ObjectPlacement":{"type":5,"value":16},"Representation":null,"LongName":null,"CompositionType":{"type":3,"value":"COMPLEX"},"Elevation":{"type":4,"value":26.760000228881836},"SceneHeight":7.489999860525131},{"expressID":621201,"type":3124254112,"GlobalId":{"type":1,"value":"1dzkPg6mT3h8UHhqhGOLRV"},"OwnerHistory":{"type":5,"value":18},"Name":{"type":1,"value":"109"},"Description":null,"ObjectType":null,"ObjectPlacement":{"type":5,"value":16},"Representation":null,"LongName":null,"CompositionType":{"type":3,"value":"COMPLEX"},"Elevation":{"type":4,"value":30},"SceneHeight":7.489999860525131},{"expressID":633931,"type":3124254112,"GlobalId":{"type":1,"value":"3WPPkFAvv8WfH7NuflCbCA"},"OwnerHistory":{"type":5,"value":18},"Name":{"type":1,"value":"110"},"Description":null,"ObjectType":null,"ObjectPlacement":{"type":5,"value":16},"Representation":null,"LongName":null,"CompositionType":{"type":3,"value":"COMPLEX"},"Elevation":{"type":4,"value":33.2400016784668},"SceneHeight":7.489999860525131},{"expressID":646663,"type":3124254112,"GlobalId":{"type":1,"value":"3G3KeLu9v3dOM8_VIgX91M"},"OwnerHistory":{"type":5,"value":18},"Name":{"type":1,"value":"111"},"Description":null,"ObjectType":null,"ObjectPlacement":{"type":5,"value":16},"Representation":null,"LongName":null,"CompositionType":{"type":3,"value":"COMPLEX"},"Elevation":{"type":4,"value":36.47999954223633},"SceneHeight":7.489999860525131},{"expressID":659383,"type":3124254112,"GlobalId":{"type":1,"value":"0i9IkavfPCyRI2GYPiXCZE"},"OwnerHistory":{"type":5,"value":18},"Name":{"type":1,"value":"112"},"Description":null,"ObjectType":null,"ObjectPlacement":{"type":5,"value":16},"Representation":null,"LongName":null,"CompositionType":{"type":3,"value":"COMPLEX"},"Elevation":{"type":4,"value":39.720001220703125},"SceneHeight":7.489999860525131},{"expressID":672105,"type":3124254112,"GlobalId":{"type":1,"value":"2GiyBzQ3D42AWw$5Q18ddM"},"OwnerHistory":{"type":5,"value":18},"Name":{"type":1,"value":"114"},"Description":null,"ObjectType":null,"ObjectPlacement":{"type":5,"value":16},"Representation":null,"LongName":null,"CompositionType":{"type":3,"value":"COMPLEX"},"Elevation":{"type":4,"value":42.959999084472656},"SceneHeight":7.489999860525131},{"expressID":684837,"type":3124254112,"GlobalId":{"type":1,"value":"1_BfMI1uL4CP_wFcsCwqfj"},"OwnerHistory":{"type":5,"value":18},"Name":{"type":1,"value":"115"},"Description":null,"ObjectType":null,"ObjectPlacement":{"type":5,"value":16},"Representation":null,"LongName":null,"CompositionType":{"type":3,"value":"COMPLEX"},"Elevation":{"type":4,"value":46.20000076293945},"SceneHeight":7.489999860525131},{"expressID":697839,"type":3124254112,"GlobalId":{"type":1,"value":"2F$T1UgVbE_PQxJ5E0$SlD"},"OwnerHistory":{"type":5,"value":18},"Name":{"type":1,"value":"116"},"Description":null,"ObjectType":null,"ObjectPlacement":{"type":5,"value":16},"Representation":null,"LongName":null,"CompositionType":{"type":3,"value":"COMPLEX"},"Elevation":{"type":4,"value":49.439998626708984},"SceneHeight":7.489999860525131},{"expressID":710565,"type":3124254112,"GlobalId":{"type":1,"value":"3EaqDQBaz0yfHbzXBUs44h"},"OwnerHistory":{"type":5,"value":18},"Name":{"type":1,"value":"117"},"Description":null,"ObjectType":null,"ObjectPlacement":{"type":5,"value":16},"Representation":null,"LongName":null,"CompositionType":{"type":3,"value":"COMPLEX"},"Elevation":{"type":4,"value":52.68000030517578},"SceneHeight":7.489999860525131},{"expressID":723291,"type":3124254112,"GlobalId":{"type":1,"value":"0ITnjJXTL8LAXu42kY1BAl"},"OwnerHistory":{"type":5,"value":18},"Name":{"type":1,"value":"118"},"Description":null,"ObjectType":null,"ObjectPlacement":{"type":5,"value":16},"Representation":null,"LongName":null,"CompositionType":{"type":3,"value":"COMPLEX"},"Elevation":{"type":4,"value":55.91999816894531},"SceneHeight":7.489999860525131},{"expressID":736017,"type":3124254112,"GlobalId":{"type":1,"value":"2hEKeHm2DCvQdx8Ucugdp5"},"OwnerHistory":{"type":5,"value":18},"Name":{"type":1,"value":"119"},"Description":null,"ObjectType":null,"ObjectPlacement":{"type":5,"value":16},"Representation":null,"LongName":null,"CompositionType":{"type":3,"value":"COMPLEX"},"Elevation":{"type":4,"value":59.15999984741211},"SceneHeight":7.489999860525131},{"expressID":748743,"type":3124254112,"GlobalId":{"type":1,"value":"0Fdl4xsrzFvuMFphzFZtmL"},"OwnerHistory":{"type":5,"value":18},"Name":{"type":1,"value":"120"},"Description":null,"ObjectType":null,"ObjectPlacement":{"type":5,"value":16},"Representation":null,"LongName":null,"CompositionType":{"type":3,"value":"COMPLEX"},"Elevation":{"type":4,"value":62.400001525878906},"SceneHeight":7.489999860525131},{"expressID":761469,"type":3124254112,"GlobalId":{"type":1,"value":"2WDhsrrP1C8PQnSzOqbsmO"},"OwnerHistory":{"type":5,"value":18},"Name":{"type":1,"value":"121"},"Description":null,"ObjectType":null,"ObjectPlacement":{"type":5,"value":16},"Representation":null,"LongName":null,"CompositionType":{"type":3,"value":"COMPLEX"},"Elevation":{"type":4,"value":65.63999938964844},"SceneHeight":7.489999860525131},{"expressID":774189,"type":3124254112,"GlobalId":{"type":1,"value":"2c_RfleyT3e9MKgzznUOvw"},"OwnerHistory":{"type":5,"value":18},"Name":{"type":1,"value":"122"},"Description":null,"ObjectType":null,"ObjectPlacement":{"type":5,"value":16},"Representation":null,"LongName":null,"CompositionType":{"type":3,"value":"COMPLEX"},"Elevation":{"type":4,"value":68.87999725341797},"SceneHeight":7.489999860525131},{"expressID":786978,"type":3124254112,"GlobalId":{"type":1,"value":"2iQgpNdGL8FvC2L9091V0V"},"OwnerHistory":{"type":5,"value":18},"Name":{"type":1,"value":"123"},"Description":null,"ObjectType":null,"ObjectPlacement":{"type":5,"value":16},"Representation":null,"LongName":null,"CompositionType":{"type":3,"value":"COMPLEX"},"Elevation":{"type":4,"value":72.12000274658203},"SceneHeight":7.489999860525131},{"expressID":799704,"type":3124254112,"GlobalId":{"type":1,"value":"3$fPnqHJf5ngsRnyhVA3Dz"},"OwnerHistory":{"type":5,"value":18},"Name":{"type":1,"value":"124"},"Description":null,"ObjectType":null,"ObjectPlacement":{"type":5,"value":16},"Representation":null,"LongName":null,"CompositionType":{"type":3,"value":"COMPLEX"},"Elevation":{"type":4,"value":75.36000061035156},"SceneHeight":7.489999860525131},{"expressID":812444,"type":3124254112,"GlobalId":{"type":1,"value":"00F4UC6MP5XwHGtvt8PMy$"},"OwnerHistory":{"type":5,"value":18},"Name":{"type":1,"value":"125"},"Description":null,"ObjectType":null,"ObjectPlacement":{"type":5,"value":16},"Representation":null,"LongName":null,"CompositionType":{"type":3,"value":"COMPLEX"},"Elevation":{"type":4,"value":78.5999984741211},"SceneHeight":7.489999860525131},{"expressID":825170,"type":3124254112,"GlobalId":{"type":1,"value":"2fcukyaD59NRii2pXdvBOv"},"OwnerHistory":{"type":5,"value":18},"Name":{"type":1,"value":"126"},"Description":null,"ObjectType":null,"ObjectPlacement":{"type":5,"value":16},"Representation":null,"LongName":null,"CompositionType":{"type":3,"value":"COMPLEX"},"Elevation":{"type":4,"value":81.83999633789062},"SceneHeight":7.489999860525131},{"expressID":837946,"type":3124254112,"GlobalId":{"type":1,"value":"2FxcRYdYf9K9Vcy5ME4PFv"},"OwnerHistory":{"type":5,"value":18},"Name":{"type":1,"value":"128"},"Description":null,"ObjectType":null,"ObjectPlacement":{"type":5,"value":16},"Representation":null,"LongName":null,"CompositionType":{"type":3,"value":"COMPLEX"},"Elevation":{"type":4,"value":85.12999725341797},"SceneHeight":7.489999860525131},{"expressID":858085,"type":3124254112,"GlobalId":{"type":1,"value":"2$xWQJLMrBLPSoNSnu8X5Q"},"OwnerHistory":{"type":5,"value":18},"Name":{"type":1,"value":"129"},"Description":null,"ObjectType":null,"ObjectPlacement":{"type":5,"value":16},"Representation":null,"LongName":null,"CompositionType":{"type":3,"value":"COMPLEX"},"Elevation":{"type":4,"value":87.87999725341797},"SceneHeight":7.489999860525131},{"expressID":860178,"type":3124254112,"GlobalId":{"type":1,"value":"3VGWbak8f8gxNZtITKcX7e"},"OwnerHistory":{"type":5,"value":18},"Name":{"type":1,"value":"131"},"Description":null,"ObjectType":null,"ObjectPlacement":{"type":5,"value":16},"Representation":null,"LongName":null,"CompositionType":{"type":3,"value":"COMPLEX"},"Elevation":{"type":4,"value":91.88999938964844},"SceneHeight":7.489999860525131},{"expressID":864199,"type":3124254112,"GlobalId":{"type":1,"value":"05kQKUpuX0fuwtGSxsoJ3X"},"OwnerHistory":{"type":5,"value":18},"Name":{"type":1,"value":"[Undefined Storey]"},"Description":null,"ObjectType":null,"ObjectPlacement":{"type":5,"value":16},"Representation":null,"LongName":null,"CompositionType":{"type":3,"value":"COMPLEX"},"Elevation":null,"SceneHeight":7.489999860525131},{"expressID":864201,"type":3124254112,"GlobalId":{"type":1,"value":"1vUwg1G7b8TusVyZxBEuEG"},"OwnerHistory":{"type":5,"value":18},"Name":{"type":1,"value":"130"},"Description":null,"ObjectType":null,"ObjectPlacement":{"type":5,"value":16},"Representation":null,"LongName":null,"CompositionType":{"type":3,"value":"COMPLEX"},"Elevation":{"type":4,"value":90.04000091552734},"SceneHeight":7.489999860525131}]